Layer1,Layer2,DKL
5,8,0.5456333830952644
5,9,0.5456333830952644
6,8,0.5456333830952644
6,9,0.5456333830952644
