Layer1,Layer2,DKL
5,8,0.938637338578701
5,9,0.938637338578701
6,8,0.938637338578701
6,9,0.938637338578701
