Layer1,Layer2,DKL
5,8,0.847088199108839
5,9,0.847088199108839
6,8,0.847088199108839
6,9,0.847088199108839
